<?xml version="1.0" encoding="UTF-8"?><!--
        *** GENERATED FROM jax-ws.xml - DO NOT EDIT !                             ***
        *** TO MODIFY wsimport options USE Web Service node -> Edit WS Attributes ***
        *** TO CHANGE TARGETS GENERATED TO jaxws-build.xml COPY THOSE             ***
        *** TARGETS TO ../build.xml AND MODIFY THAT FILE INSTEAD                  ***

        --><project xmlns:xalan="http://xml.apache.org/xslt" xmlns:j2seproject3="http://www.netbeans.org/ns/j2se-project/3" xmlns:jaxws="http://www.netbeans.org/ns/jax-ws/1">
    <!--
                ===================
                JAX-WS WSIMPORT SECTION
                ===================
            -->
    <target name="wsimport-init" depends="init">
        <mkdir dir="${build.generated.sources.dir}/jax-ws"/>
        <taskdef name="wsimport" classname="com.sun.tools.ws.ant.WsImport">
            <classpath path="${libs.jaxws21.classpath}"/>
        </taskdef>
    </target>
    <target name="wsimport-client-WSProd" depends="wsimport-init">
        <mkdir dir="${build.generated.dir}/jax-wsCache/WSProd"/>
        <property name="wsdl-WSProd" location="xml-resources/web-service-references/WSProd/wsdl/localhost_8080/Affablebean_01/WSProd.wsdl"/>
        <wsimport sourcedestdir="${build.generated.dir}/jax-wsCache/WSProd" destdir="${build.generated.dir}/jax-wsCache/WSProd" wsdl="${wsdl-WSProd}" catalog="catalog.xml" encoding="${source.encoding}" extension="true" verbose="true" fork="false" wsdlLocation="http://192.168.0.16:8080/Affablebean_01/WSProd?WSDL" xnocompile="true" xendorsed="true" package="wsprod">
            <depends file="${wsdl-WSProd}"/>
            <produces dir="${build.generated.dir}/jax-wsCache/WSProd"/>
        </wsimport>
        <copy todir="${build.generated.sources.dir}/jax-ws">
            <fileset dir="${build.generated.dir}/jax-wsCache/WSProd">
                <include name="**/*.java"/>
            </fileset>
        </copy>
    </target>
    <target name="wsimport-client-clean-WSProd" depends="-init-project">
        <delete dir="${build.generated.dir}/jax-wsCache/WSProd"/>
        <delete dir="${build.generated.sources.dir}/jax-ws/wsprod"/>
    </target>
    <target name="wsimport-client-WSCustomer" depends="wsimport-init">
        <mkdir dir="${build.generated.dir}/jax-wsCache/WSCustomer"/>
        <property name="wsdl-WSCustomer" location="xml-resources/web-service-references/WSCustomer/wsdl/localhost_8080/Affablebean_01/WSCustomer.wsdl"/>
        <wsimport sourcedestdir="${build.generated.dir}/jax-wsCache/WSCustomer" destdir="${build.generated.dir}/jax-wsCache/WSCustomer" wsdl="${wsdl-WSCustomer}" catalog="catalog.xml" encoding="${source.encoding}" extension="true" verbose="true" fork="false" wsdlLocation="http://192.168.0.16:8080/Affablebean_01/WSCustomer?WSDL" xnocompile="true" xendorsed="true" package="wscust">
            <depends file="${wsdl-WSCustomer}"/>
            <produces dir="${build.generated.dir}/jax-wsCache/WSCustomer"/>
        </wsimport>
        <copy todir="${build.generated.sources.dir}/jax-ws">
            <fileset dir="${build.generated.dir}/jax-wsCache/WSCustomer">
                <include name="**/*.java"/>
            </fileset>
        </copy>
    </target>
    <target name="wsimport-client-clean-WSCustomer" depends="-init-project">
        <delete dir="${build.generated.dir}/jax-wsCache/WSCustomer"/>
        <delete dir="${build.generated.sources.dir}/jax-ws/wscust"/>
    </target>
    <target name="wsimport-client-wsPedidoHeader" depends="wsimport-init">
        <mkdir dir="${build.generated.dir}/jax-wsCache/wsPedidoHeader"/>
        <property name="wsdl-wsPedidoHeader" location="xml-resources/web-service-references/wsPedidoHeader/wsdl/192.168.0.16_8080/Affablebean_01/wsPedidoHeader.wsdl"/>
        <wsimport sourcedestdir="${build.generated.dir}/jax-wsCache/wsPedidoHeader" destdir="${build.generated.dir}/jax-wsCache/wsPedidoHeader" wsdl="${wsdl-wsPedidoHeader}" catalog="catalog.xml" encoding="${source.encoding}" extension="true" verbose="true" fork="false" wsdlLocation="http://192.168.0.16:8080/Affablebean_01/wsPedidoHeader?WSDL" xnocompile="true" xendorsed="true">
            <depends file="${wsdl-wsPedidoHeader}"/>
            <produces dir="${build.generated.dir}/jax-wsCache/wsPedidoHeader"/>
        </wsimport>
        <copy todir="${build.generated.sources.dir}/jax-ws">
            <fileset dir="${build.generated.dir}/jax-wsCache/wsPedidoHeader">
                <include name="**/*.java"/>
            </fileset>
        </copy>
    </target>
    <target name="wsimport-client-clean-wsPedidoHeader" depends="-init-project">
        <delete dir="${build.generated.dir}/jax-wsCache/wsPedidoHeader"/>
        <delete dir="${build.generated.sources.dir}/jax-ws/wspedidoheader"/>
    </target>
    <target name="wsimport-client-wsPedidoItems" depends="wsimport-init">
        <mkdir dir="${build.generated.dir}/jax-wsCache/wsPedidoItems"/>
        <property name="wsdl-wsPedidoItems" location="xml-resources/web-service-references/wsPedidoItems/wsdl/192.168.0.16_8080/Affablebean_01/wsPedidoItems.wsdl"/>
        <wsimport sourcedestdir="${build.generated.dir}/jax-wsCache/wsPedidoItems" destdir="${build.generated.dir}/jax-wsCache/wsPedidoItems" wsdl="${wsdl-wsPedidoItems}" catalog="catalog.xml" encoding="${source.encoding}" extension="true" verbose="true" fork="false" wsdlLocation="http://192.168.0.16:8080/Affablebean_01/wsPedidoItems?WSDL" xnocompile="true" xendorsed="true">
            <depends file="${wsdl-wsPedidoItems}"/>
            <produces dir="${build.generated.dir}/jax-wsCache/wsPedidoItems"/>
        </wsimport>
        <copy todir="${build.generated.sources.dir}/jax-ws">
            <fileset dir="${build.generated.dir}/jax-wsCache/wsPedidoItems">
                <include name="**/*.java"/>
            </fileset>
        </copy>
    </target>
    <target name="wsimport-client-clean-wsPedidoItems" depends="-init-project">
        <delete dir="${build.generated.dir}/jax-wsCache/wsPedidoItems"/>
        <delete dir="${build.generated.sources.dir}/jax-ws/wspedidoitems"/>
    </target>
    <target name="wsimport-client-generate" depends="wsimport-client-WSProd, wsimport-client-WSCustomer, wsimport-client-wsPedidoHeader, wsimport-client-wsPedidoItems"/>
</project>
