<?xml version='1.0' encoding='UTF-8'?><!-- Published by JAX-WS RI (http://jax-ws.java.net). RI's version is Metro/2.3.2-b608 (trunk-7979; 2015-01-21T12:50:19+0000) JAXWS-RI/2.2.11-b150120.1832 JAXWS-API/2.2.12 JAXB-RI/2.2.12-b141219.1637 JAXB-API/2.2.13-b141020.1521 svn-revision#unknown. --><!-- Generated by JAX-WS RI (http://jax-ws.java.net). RI's version is Metro/2.3.2-b608 (trunk-7979; 2015-01-21T12:50:19+0000) JAXWS-RI/2.2.11-b150120.1832 JAXWS-API/2.2.12 JAXB-RI/2.2.12-b141219.1637 JAXB-API/2.2.13-b141020.1521 svn-revision#unknown. --><definitions xmlns:wsu="http://docs.oasis-open.org/wss/2004/01/oasis-200401-wss-wssecurity-utility-1.0.xsd" xmlns:wsp="http://www.w3.org/ns/ws-policy" xmlns:wsp1_2="http://schemas.xmlsoap.org/ws/2004/09/policy" xmlns:wsam="http://www.w3.org/2007/05/addressing/metadata" xmlns:soap="http://schemas.xmlsoap.org/wsdl/soap/" xmlns:tns="http://wsprod/" xmlns:xsd="http://www.w3.org/2001/XMLSchema" xmlns="http://schemas.xmlsoap.org/wsdl/" targetNamespace="http://wsprod/" name="WSProd">
<types>
<xsd:schema>
<xsd:import namespace="http://wsprod/" schemaLocation="http://localhost:8080/Affablebean_01/WSProd?xsd=1"/>
</xsd:schema>
</types>
<message name="remove">
<part name="parameters" element="tns:remove"/>
</message>
<message name="count">
<part name="parameters" element="tns:count"/>
</message>
<message name="countResponse">
<part name="parameters" element="tns:countResponse"/>
</message>
<message name="find">
<part name="parameters" element="tns:find"/>
</message>
<message name="findResponse">
<part name="parameters" element="tns:findResponse"/>
</message>
<message name="create">
<part name="parameters" element="tns:create"/>
</message>
<message name="findByName">
<part name="parameters" element="tns:findByName"/>
</message>
<message name="findByNameResponse">
<part name="parameters" element="tns:findByNameResponse"/>
</message>
<message name="findAll">
<part name="parameters" element="tns:findAll"/>
</message>
<message name="findAllResponse">
<part name="parameters" element="tns:findAllResponse"/>
</message>
<message name="operation">
<part name="parameters" element="tns:operation"/>
</message>
<message name="operationResponse">
<part name="parameters" element="tns:operationResponse"/>
</message>
<message name="precioPromPorCatId">
<part name="parameters" element="tns:precioPromPorCatId"/>
</message>
<message name="precioPromPorCatIdResponse">
<part name="parameters" element="tns:precioPromPorCatIdResponse"/>
</message>
<message name="findByNameLike">
<part name="parameters" element="tns:findByNameLike"/>
</message>
<message name="findByNameLikeResponse">
<part name="parameters" element="tns:findByNameLikeResponse"/>
</message>
<message name="findRange">
<part name="parameters" element="tns:findRange"/>
</message>
<message name="findRangeResponse">
<part name="parameters" element="tns:findRangeResponse"/>
</message>
<message name="edit">
<part name="parameters" element="tns:edit"/>
</message>
<portType name="WSProd">
<operation name="remove">
<input wsam:Action="http://wsprod/WSProd/remove" message="tns:remove"/>
</operation>
<operation name="count">
<input wsam:Action="http://wsprod/WSProd/countRequest" message="tns:count"/>
<output wsam:Action="http://wsprod/WSProd/countResponse" message="tns:countResponse"/>
</operation>
<operation name="find">
<input wsam:Action="http://wsprod/WSProd/findRequest" message="tns:find"/>
<output wsam:Action="http://wsprod/WSProd/findResponse" message="tns:findResponse"/>
</operation>
<operation name="create">
<input wsam:Action="http://wsprod/WSProd/create" message="tns:create"/>
</operation>
<operation name="findByName">
<input wsam:Action="http://wsprod/WSProd/findByNameRequest" message="tns:findByName"/>
<output wsam:Action="http://wsprod/WSProd/findByNameResponse" message="tns:findByNameResponse"/>
</operation>
<operation name="findAll">
<input wsam:Action="http://wsprod/WSProd/findAllRequest" message="tns:findAll"/>
<output wsam:Action="http://wsprod/WSProd/findAllResponse" message="tns:findAllResponse"/>
</operation>
<operation name="operation">
<input wsam:Action="http://wsprod/WSProd/operationRequest" message="tns:operation"/>
<output wsam:Action="http://wsprod/WSProd/operationResponse" message="tns:operationResponse"/>
</operation>
<operation name="precioPromPorCatId">
<input wsam:Action="http://wsprod/WSProd/precioPromPorCatIdRequest" message="tns:precioPromPorCatId"/>
<output wsam:Action="http://wsprod/WSProd/precioPromPorCatIdResponse" message="tns:precioPromPorCatIdResponse"/>
</operation>
<operation name="findByNameLike">
<input wsam:Action="http://wsprod/WSProd/findByNameLikeRequest" message="tns:findByNameLike"/>
<output wsam:Action="http://wsprod/WSProd/findByNameLikeResponse" message="tns:findByNameLikeResponse"/>
</operation>
<operation name="findRange">
<input wsam:Action="http://wsprod/WSProd/findRangeRequest" message="tns:findRange"/>
<output wsam:Action="http://wsprod/WSProd/findRangeResponse" message="tns:findRangeResponse"/>
</operation>
<operation name="edit">
<input wsam:Action="http://wsprod/WSProd/edit" message="tns:edit"/>
</operation>
</portType>
<binding name="WSProdPortBinding" type="tns:WSProd">
<soap:binding transport="http://schemas.xmlsoap.org/soap/http" style="document"/>
<operation name="remove">
<soap:operation soapAction=""/>
<input>
<soap:body use="literal"/>
</input>
</operation>
<operation name="count">
<soap:operation soapAction=""/>
<input>
<soap:body use="literal"/>
</input>
<output>
<soap:body use="literal"/>
</output>
</operation>
<operation name="find">
<soap:operation soapAction=""/>
<input>
<soap:body use="literal"/>
</input>
<output>
<soap:body use="literal"/>
</output>
</operation>
<operation name="create">
<soap:operation soapAction=""/>
<input>
<soap:body use="literal"/>
</input>
</operation>
<operation name="findByName">
<soap:operation soapAction=""/>
<input>
<soap:body use="literal"/>
</input>
<output>
<soap:body use="literal"/>
</output>
</operation>
<operation name="findAll">
<soap:operation soapAction=""/>
<input>
<soap:body use="literal"/>
</input>
<output>
<soap:body use="literal"/>
</output>
</operation>
<operation name="operation">
<soap:operation soapAction=""/>
<input>
<soap:body use="literal"/>
</input>
<output>
<soap:body use="literal"/>
</output>
</operation>
<operation name="precioPromPorCatId">
<soap:operation soapAction=""/>
<input>
<soap:body use="literal"/>
</input>
<output>
<soap:body use="literal"/>
</output>
</operation>
<operation name="findByNameLike">
<soap:operation soapAction=""/>
<input>
<soap:body use="literal"/>
</input>
<output>
<soap:body use="literal"/>
</output>
</operation>
<operation name="findRange">
<soap:operation soapAction=""/>
<input>
<soap:body use="literal"/>
</input>
<output>
<soap:body use="literal"/>
</output>
</operation>
<operation name="edit">
<soap:operation soapAction=""/>
<input>
<soap:body use="literal"/>
</input>
</operation>
</binding>
<service name="WSProd">
<port name="WSProdPort" binding="tns:WSProdPortBinding">
<soap:address location="http://localhost:8080/Affablebean_01/WSProd"/>
</port>
</service>
</definitions>